"foo","bar"
1,-1.00650671283578
2,-0.054315081664194
3,1.04460640395624
4,4.68942999012293
5,4.00439607424669
6,7.40427864754997
7,7.12155572055039
8,8.40344315701448
9,8.50177291976787
10,9.97539422390399
