Type,PropVmt,Fwy,Art,Other
BusVmt,0,0.15,0.591853844,0.258146156
TruckVmt,0.08,0.452028197,0.398645294,0.149326508
