Speed,LdIce,HdIce
20,0.511847945,0.97301975
30,0.573348379,0.840179961
40,0.549045376,0.77959035
50,0.376206593,0.449266416
60,0.163250185,0.199693843
